profile,operation,sizeKB,p50Ms_dta,p50Ms_mcp,p95Ms_dta,p95Ms_mcp,p99Ms_dta,p99Ms_mcp,p50Ms_overhead_pct,p50Ms_delta_ms,p95Ms_overhead_pct,p95Ms_delta_ms,p99Ms_overhead_pct,p99Ms_delta_ms
bursty,read,4,0.1128540001809597,0.1780309998430311,0.1827480001375079,0.2867635001894086,0.3227857600525012,0.4932591997552664,57.7533800818412,0.06517699966207141,56.917449150543234,0.10401550005190072,52.81318471887906,0.17047343970276518
bursty,read,8,0.1137500000186264,0.1841070000082254,0.1702659999020397,0.2986176999984308,0.2941005998291076,0.5322513601742684,61.852307673035746,0.07035699998959902,75.38304780181396,0.1283517000963911,80.97595193057839,0.23815076034516086
bursty,read,16,0.1153600001707673,0.1997454999946057,0.1699826997704804,0.3222478001611306,0.2890144198574124,0.6520694899279628,73.1497050094683,0.0843854998238384,89.5768219920301,0.1522651003906502,125.61832390566067,0.3630550700705504
bursty,read,32,0.116680999752134,0.2297940000426024,0.1694705000612884,0.399139299988747,0.3253545399010178,0.6862336299149308,96.94209042668032,0.11311300029046839,135.52140333827992,0.2296687999274586,110.91871966000619,0.36087909001391294
bursty,read,64,0.1219480000436306,0.3114095001947135,0.1795439999550581,0.6010250002145767,0.3453588001802561,0.8054192999145017,155.36253163913904,0.18946150015108287,234.75081337444865,0.4214810002595186,133.21232859684542,0.46006049973424556
bursty,read,128,0.1290750000625848,0.7178000002168119,0.2024893501540645,2.443056750111282,0.6766819600248771,3.1918125499971173,456.11078819970646,0.5887250001542271,1106.5112304684058,2.2405673999572175,371.68577537958527,2.51513058997224
bursty,read,256,0.1424539999570697,1.4759119998198005,0.2286482497118412,3.42889134993311,0.6783285999903449,3.997497809911147,936.0621676222396,1.3334579998627307,1399.635949216512,3.200243100221269,489.3158286364523,3.319169209920802
bursty,read,512,0.2021499997936189,3.3018769999034703,0.415198800060898,5.215216000028886,1.0414141996949904,6.446739809964782,1533.379670182764,3.0997270001098514,1156.0768478290304,4.800017199967988,519.0370567112399,5.4053256102697915
bursty,read,1024,0.3110030000098049,10.212249000091106,0.7161221999674993,12.42462609983049,1.1419794799853116,13.795260560205206,3183.6496753308315,9.9012460000813,1634.9868640288453,11.708503899862992,1108.012998655864,12.653281080219895
bursty,remove,4,0.0571490000002086,0.1076599997468292,0.0874459999613463,0.1727387500228359,0.1620159996673464,0.3055768498498946,88.38474819583234,0.0505109997466206,97.53762333233252,0.08529275006148959,88.60905742476632,0.1435608501825482
bursty,remove,8,0.0570580000057816,0.1070050001144409,0.0816895500058308,0.1721707499586044,0.1545658799819647,0.3106321300147094,87.53724298713283,0.0499470001086593,110.76227001656306,0.09048119995277361,100.97069938783068,0.1560662500327447
bursty,remove,16,0.0570120001211762,0.107861999887973,0.0830225000390783,0.1778831998584792,0.15984325022437,0.3040658698696645,89.1917485068365,0.0508499997667968,114.25902589629369,0.0948606998194009,90.22753193697639,0.1442226196452945
bursty,remove,32,0.0572199998423457,0.1075460002757608,0.0861749999225139,0.1758077499456702,0.1650571597926328,0.2925934600643817,87.9517661168732,0.050326000433415105,104.01247473600405,0.0896327500231563,77.26796004001116,0.1275363002717489
bursty,remove,64,0.0572979999706149,0.1075570001266896,0.08022995039355,0.1754617502214386,0.1477599800797179,0.2924583999766038,87.71510381138935,0.0502590001560747,118.69856501312836,0.09523179982788858,97.92801800515925,0.14469841989688587
bursty,remove,128,0.0574619998224079,0.1072809998877346,0.0811998999211936,0.1734490002738312,0.1534858699096365,0.3062448000675064,86.69903626622349,0.0498190000653267,113.60740646499256,0.0922491003526376,99.5263800164832,0.15275893015786987
bursty,remove,256,0.0565780000761151,0.1075814999639988,0.0798832501750439,0.1728807501262053,0.1470192997949196,0.3115471803164104,90.14723005279092,0.0510034998878837,116.41677040854115,0.0929974999511614,111.90903558307943,0.16452788052149078
bursty,remove,512,0.0567189999856054,0.1087730000726878,0.078253649896942,0.1753819501493124,0.1425509498873725,0.3224652199726548,91.77524304076778,0.05205400008708239,124.11983387392897,0.0971283002523704,126.21050243960497,0.17991427008528232
bursty,remove,1024,0.0567029998637735,0.1079650002066046,0.0785448999376967,0.1721792500466108,0.1442548701632766,0.2977734999731183,90.4043885966983,0.0512620003428311,119.21124119221827,0.0936343501089141,106.42180027341873,0.1535186298098417
bursty,write,4,0.1629389999434352,0.2291675000451505,0.2578429998829961,0.3624912000028413,0.4586425998248155,0.5507280700746919,40.646192823514774,0.0662285001017153,40.586015585969925,0.10464820011984521,20.077827546994044,0.09208547024987646
bursty,write,8,0.1678049997426569,0.2369829998351633,0.2587380000622943,0.3503442000597715,0.437073499849066,0.612623600177467,41.22523178605923,0.06917800009250641,35.40500428055481,0.09160619999747721,40.16489226389233,0.17555010032840096
bursty,write,16,0.1770809995941817,0.2578809999395162,0.2710841001011431,0.4113663999363781,0.4329257598053665,0.774014839688316,45.628836820723095,0.0808000003453345,51.74862700648796,0.140282299835235,78.78696800954863,0.34108907988294945
bursty,write,32,0.1972225001081824,0.3179150000214576,0.3462087499210611,0.5087839998304844,0.6100978000089502,0.9069898001849668,61.19611091385202,0.12069249991327521,46.958735140718424,0.1625752499094233,48.663017662358584,0.2968920001760166
bursty,write,64,0.2555229999125004,0.4917139997705817,0.6061487999744712,0.8291190001182258,0.7902347999811166,1.0794150000438094,92.43434052471247,0.23619099985808134,36.784730111343166,0.22297020014375457,36.594212260660136,0.28918020006269285
bursty,write,128,0.3372210003435612,0.8842119998298585,0.698673000279814,1.2213296000845733,1.1574646800383923,3.1608738002181047,162.20549696757388,0.5469909994862974,74.80704129048047,0.5226565998047592,173.08598307408056,2.0034091201797124
bursty,write,256,0.6829089997336268,1.5120580000802877,1.0244907996617256,2.321021999930963,1.6174672801047565,3.362864000024274,121.41427344932868,0.8291490003466608,126.5537182664145,1.2965312002692373,107.90924437163734,1.7453967199195175
bursty,write,512,1.1554279997944832,2.801684000063688,1.692139999847858,4.136233000084758,2.543272840045393,4.634826400037855,142.480189207984,1.6462560002692048,144.43798979142687,2.4440930002369,82.2386622095619,2.091553559992462
bursty,write,1024,1.6608649999834595,5.4441250001546,2.430470500141382,6.866015000152402,3.670610979972405,7.520234599872492,227.7885318920453,3.7832600001711407,182.4973600688838,4.435544500011019,104.87691670145412,3.8496236199000875
default,read,4,0.1138919999939389,0.1764369999291375,0.1667934000084643,0.2833402000018392,0.2730077600025086,0.4886849599680863,54.91606077558312,0.0625449999351986,69.87494708271458,0.11654679999337489,79.00039177040092,0.21567719996557772
default,read,8,0.1143949999823235,0.1832820000126958,0.1693625999731011,0.2945295000099577,0.2969385999976653,0.5212614999967625,60.218541056004916,0.06888700003037229,73.90468737297144,0.1251669000368566,75.5452137246087,0.22432289999909721
default,read,16,0.1147979999659583,0.1984980000415817,0.1621827500319341,0.3279903999762608,0.2761959900183138,0.6104030799819133,72.91067797387014,0.08370000007562339,102.23507118462278,0.16580764994432667,121.00359963279669,0.33420708996359955
default,read,32,0.1159850000403821,0.2308409999823197,0.1664051999687216,0.3734420000109821,0.325180560024454,0.6613664000760766,99.02659818247925,0.11485599994193758,124.41726585537964,0.2070368000422605,103.38435976195532,0.3361858400516226
default,read,64,0.1228259999770671,0.3095759999705478,0.1844146000163163,0.5954802000080235,0.3928859400213693,0.7981438599876128,152.04435545271267,0.1867499999934807,222.90295885213953,0.4110655999917072,103.14900043106692,0.40525791996624355
default,read,128,0.1275500000047031,0.7033419999061152,0.1979387500148731,2.378039800026456,0.6969860999827603,2.981440880033188,451.42453930237656,0.5757919999014122,1101.4018477169177,2.180101050011583,327.76188508019504,2.284454780050428
default,read,256,0.1435504999826662,1.4953240000177177,0.2418925000092713,3.3723042000317944,0.8259847499866737,4.082330719977621,941.6710496990808,1.3517735000350515,1294.13342699858,3.130411700022523,394.2380255862454,3.2563459699909476
default,read,512,0.2028874999959953,3.3824049999238923,0.4039804499858288,5.313189599988981,0.957720030021738,6.786311319991946,1567.1332635034962,3.179517499927897,1215.2095850616934,4.909209150003152,608.590308990187,5.828591289970208
default,read,1024,0.3177439999999478,10.142573499993889,0.9140336999815188,12.52204365003272,1.1093036600074266,13.28544528998085,3092.0582292649287,9.82482949999394,1269.9761453309552,11.608009950051201,1097.638281468566,12.176141629973422
default,remove,4,0.0571290000225417,0.1067739999853074,0.0806844000006093,0.1684398000361398,0.149208919997327,0.3013066199840977,86.89982310766338,0.0496449999627657,108.7637759404145,0.08775540003553049,101.93606386903373,0.1520976999867707
default,remove,8,0.05682399997022,0.1069660000503063,0.0789462999935494,0.1779662000073584,0.1388539900392046,0.3016458200057968,88.24088432064697,0.050142000080086305,125.4269041385091,0.09901990001380902,117.23957656573565,0.16279182996659222
default,remove,16,0.0572220000321976,0.1062179999426007,0.0793815000273751,0.1764257000759243,0.1477727700164542,0.2997689600405281,85.62440998712749,0.0489959999104031,122.2503984115733,0.09704420004854922,102.85805023966827,0.1519961900240739
default,remove,32,0.0576979999896138,0.1058660000562667,0.0799320000194711,0.1727744999807328,0.1511927099665627,0.2940490000182763,83.48296314486396,0.0481680000666529,116.1518539992064,0.0928424999612617,94.48622892155794,0.14285629005171357
default,remove,64,0.0570060000172816,0.1074640000006184,0.0798910000012256,0.1735422500118147,0.146041340028751,0.3143228000740034,88.51348975202654,0.0504579999833368,117.22377991157,0.09365125001058909,115.2286469106097,0.16828146004525238
default,remove,128,0.0575240000034682,0.105909000034444,0.0784859999548643,0.1705471000168472,0.1447040999878664,0.3053488099353854,84.11271821858462,0.04838500003097581,117.29620583916287,0.0920611000619829,111.01600435716004,0.16064470994751898
default,remove,256,0.0570339999976567,0.107181999948807,0.0795293999835848,0.1725398000562563,0.1497030800010543,0.3189007600047627,87.92649990042901,0.0501479999511503,116.95096416151667,0.0930104000726715,113.02217696691127,0.16919768000370838
default,remove,512,0.0572859999956563,0.1068440000526607,0.0789799999911338,0.1687020000186746,0.1395977600035243,0.2874256899405754,86.50979307468167,0.049558000057004406,113.60091167081907,0.08972200002754081,105.89563180191357,0.14782792993705107
default,remove,1024,0.056427999981679,0.1068390000145882,0.07903449999867,0.1693156999535858,0.1366295499698026,0.3115722399996608,89.3368541314181,0.050411000032909194,114.23011464162494,0.0902811999549158,128.04162062198367,0.17494269002985824
default,write,4,0.1587320000107865,0.2313585000520106,0.2518023000040554,0.3582740999874658,0.4040469199884683,0.5420458099991083,45.754164274556395,0.07262650004122412,42.28388699455708,0.10647179998341039,34.154174474236456,0.13799889001064003
default,write,8,0.1621119999908842,0.2371200000634417,0.2473122999828774,0.35639650002704,0.3927442399773271,0.6243875699711476,46.26924600077436,0.0750080000725575,44.10787496283646,0.10908420004416258,58.98070714091011,0.23164332999382053
default,write,16,0.1732849999971222,0.2600910000037402,0.2654154999763705,0.402618599962443,0.4261923999793361,0.7317864400474349,50.09435323776413,0.08680600000661798,51.69370289161238,0.1372030999860725,71.70330585034257,0.30559404006809876
default,write,32,0.190933000005316,0.310413500003051,0.307858500018483,0.4985583500529172,0.5044848999765247,0.8644894600124113,62.577186758919844,0.11948049999773502,61.94399375784172,0.19069985003443424,71.36081972971617,0.36000456003588666
default,write,64,0.2741704999934882,0.5047930000000633,0.544789350015344,0.8092384999326896,0.7634398599748947,1.0385046500712638,84.11645308742284,0.23062250000657514,48.54154177387964,0.2644491499173456,36.0296605557659,0.2750647900963691
default,write,128,0.3637490000110119,0.913001999957487,0.7425915000261738,1.248606499982997,1.209250359983997,3.224055539960973,150.99780341110142,0.549252999946475,68.14177107319274,0.5060149999568233,166.61604963290148,2.0148051799769764
default,write,256,0.7045289999805391,1.5462324999971315,1.060274300019955,2.197538400022317,1.6653740400145691,3.421686819986206,119.47038376558558,0.8417035000165924,107.26130964232159,1.1372641000023618,105.46055947625268,1.7563127799716367
default,write,512,0.996908999979496,2.836704000015743,1.5495914000086477,4.100474350026343,2.469006640021681,4.602238539931132,184.54994388395403,1.839795000036247,164.61648857908347,2.5508829500176953,86.40041162022628,2.133231899909451
default,write,1024,1.718987500004005,5.955435000010766,2.561788950001937,7.45063310000114,3.605672370006797,8.280283259963616,246.4501632499882,4.236447500006761,190.8371159925374,4.888844149999203,129.6460246594176,4.674610889956819
delay40,read,4,0.1139320000074803,0.1753730000928044,0.1634265999426133,0.2871137999463826,0.2852924601011906,0.5251749601121982,53.92778155504173,0.061441000085324105,75.68364026859864,0.12368720000376929,84.08301429554905,0.23988250001100764
delay40,read,8,0.1145389999728649,0.1825764999957755,0.1632206999929621,0.3050176500808447,0.3027711799554523,0.5324877800210379,59.401164702877765,0.06803750002291059,86.8743670955931,0.1417969500878826,75.87135608461301,0.22971660006558564
delay40,read,16,0.1148209997918456,0.20113499998115,0.1617866000160575,0.3176949998829511,0.2827494399808345,0.5932961999904364,75.1726603546212,0.08631400018930441,96.36669529579058,0.1559083998668936,109.83107872137661,0.31054676000960185
delay40,read,32,0.1169500001706183,0.2291390000609681,0.166704999981448,0.3797471500467508,0.3176879200269469,0.6463818100630306,95.92902926607724,0.1121889998903498,127.79589699709757,0.2130421500653028,103.46439676025557,0.32869389003608374
delay40,read,64,0.1209560001734644,0.3106479999842122,0.1736370001337491,0.5998543498921206,0.3607780199195221,0.7637993399915283,156.8272756528889,0.1896919998107478,245.46458959211733,0.4262173497583715,111.70894506320181,0.4030213200720062
delay40,read,128,0.1269330000504851,0.716319999890402,0.201631250034552,2.3715992000419632,0.6036210500169656,3.1109153600409623,464.3292127386099,0.5893869998399168,1076.2061682579263,2.169967950007411,415.3755588797848,2.5072943100239966
delay40,read,256,0.1441160000395029,1.4462534999474883,0.2339204998454075,3.259206449904013,0.829327779957093,3.850829429922156,903.5343053866768,1.3021374999079853,1293.2966337101473,3.0252859500586053,364.3314167193805,3.0215016499650633
delay40,read,512,0.200258000055328,3.298111000098288,0.3309599000029265,5.13050759993493,0.5220561499940227,6.2693310999870295,1546.9309586568697,3.09785300004296,1450.1900985253994,4.7995476999320035,1100.89210711507,5.747274949993007
delay40,read,1024,0.2954100000206381,10.197197500034235,0.5199722499819472,12.338776999921537,0.6601630000513978,13.441333269870372,3351.8795908472407,9.901787500013597,2272.968365206013,11.81880474993959,1936.062800978528,12.781170269818974
delay40,remove,4,0.0572249998804181,0.106271999888122,0.0812866998603567,0.177071099996101,0.1490349000692364,0.3040352900512525,85.70904344289455,0.0490470000077039,117.83526739342763,0.09578440013574428,104.00274694719718,0.15500038998201612
delay40,remove,8,0.0577360000461339,0.1069780001416802,0.0802649999968707,0.174205999856349,0.1540975501411594,0.3092506800475517,85.28820849417959,0.0492420000955463,117.03855960025014,0.09394099985947829,100.6850074931535,0.1551531299063923
delay40,remove,16,0.0571029998827725,0.1074019998777657,0.0795389999402687,0.1727703998563811,0.149559999932535,0.3092776799574481,88.08468924268897,0.0502989999949932,117.21469968961927,0.0932313999161124,106.79170907793537,0.1597176800249131
delay40,remove,32,0.0573070000391453,0.1071150000207126,0.0789983500260859,0.1742707999888807,0.1455111700505955,0.321599040068686,86.91433847094494,0.0498079999815673,120.6005567601539,0.0952724499627948,121.0133008736465,0.1760878700180905
delay40,remove,64,0.057247000047937,0.1080529999453574,0.0794659999664872,0.1705232999520375,0.1460489998571574,0.286253579915501,88.74875513979231,0.0508059998974204,114.58648984968593,0.09105729998555029,95.99831576763282,0.14020458005834358
delay40,remove,128,0.0575369999278336,0.1074500000104308,0.0797965999692678,0.1742583999643101,0.1453406400512903,0.3125161999277743,86.74939629316981,0.0499130000825972,118.37822668061364,0.09446179999504231,115.02327209890379,0.167175559876484
delay40,remove,256,0.0572879998944699,0.1083019999787211,0.079386399872601,0.1694250000291504,0.1411114399787038,0.281341400160454,89.04831758522549,0.0510140000842512,113.41816772273714,0.0900386001565494,99.37533073357723,0.1402299601817502
delay40,remove,512,0.0568539998494088,0.1106579999905079,0.079736849933397,0.174568900023587,0.1508610600908285,0.2886293400265281,94.63538235412048,0.0538040001410991,118.93127226546045,0.09483205009019,91.32129911638819,0.13776827993569962
delay40,remove,1024,0.0569419998209923,0.1073109998833388,0.0813815000001341,0.1698193999938667,0.15844250000082,0.2919909599050877,88.45667560094614,0.05036900006234649,108.67076668971065,0.0884378999937326,84.28828117681591,0.13354845990426772
delay40,write,4,0.1609070000704378,0.2252185000106692,0.249161799997091,0.3644358500372618,0.4041140399686982,0.5546810700651256,39.96811817514387,0.06431149994023141,46.264736424892035,0.1152740500401708,37.25854961834287,0.15056703009642736
delay40,write,8,0.164585999911651,0.2347225000848993,0.2527360001113266,0.3596047998871654,0.4197995999827976,0.6184337200899603,42.61389195368821,0.07013650017324832,42.284755527018184,0.10686879977583885,47.3164148120442,0.19863412010716275
delay40,write,16,0.1757680000737309,0.2599730000365525,0.275685000186786,0.4027571999002247,0.4688068400509659,0.6876853199303152,47.906899963303566,0.0842049999628216,46.09325847519558,0.1270721997134387,46.68841432764807,0.21887847987934933
delay40,write,32,0.1949874999700114,0.3134934999980032,0.3341141499695368,0.4863577500567764,0.5770749100297705,0.7884610498766415,60.77620362649796,0.11850600002799178,45.56634314982485,0.15224360008723958,36.630623888320805,0.21138613984687094
delay40,write,64,0.2725980000104755,0.5086324999574572,0.5992357000475744,0.8503097501117732,0.7918262600665887,1.1232168700103689,86.58702556068322,0.23603449994698167,41.89904741060413,0.2510740500641988,41.851429619915834,0.3313906099437801
delay40,write,128,0.3415610000956803,0.901609000051394,0.6593249998986721,1.2129734998103228,0.9054162002168604,3.251314559965393,163.967197601257,0.5600479999557137,83.97201683490505,0.5536484999116507,259.0961327162752,2.3458983597485323
delay40,write,256,0.7150350000010803,1.5204750000266358,1.0466571500757706,2.29992654996458,1.50247499995632,3.301224230017979,112.64343703795458,0.8054400000255555,119.74020335102868,1.2532693998888091,119.71907886080979,1.7987492300616588
delay40,write,512,1.113268000073731,2.791250000009313,1.583245999971404,4.073244799976237,1.8358752799872315,4.433510780110956,150.72579107855884,1.6779819999355818,157.2717568874203,2.489998800004833,141.49302670178074,2.597635500123725
delay40,write,1024,1.644770000129938,5.710709999897517,2.353441999992356,7.234747650008648,2.6127979999873787,8.167810949999826,247.20416833030558,4.065939999767579,207.4113426220891,4.881305650016293,212.6078231091451,5.555012950012447
loss1,read,4,0.1138669999781996,0.1766580000985413,0.1642839999403804,0.2896654499229043,0.2910463001113418,0.5016108796931802,55.14415953029705,0.0627910001203417,76.31993987730121,0.12538144998252387,72.34745107609525,0.21056457958183838
loss1,read,8,0.1140689998865127,0.1847259998321533,0.1606023500789888,0.3027431497583164,0.2849640599545066,0.5343347101379179,61.942333163205845,0.07065699994564059,88.50480681597668,0.1421407996793276,87.50950917221715,0.2493706501834113
loss1,read,16,0.1163860000669956,0.2004100000485777,0.1638762000948191,0.3140690000727772,0.2817665600311024,0.5834536000154914,72.1942501101637,0.0840239999815821,91.65016023745746,0.15019279997795812,107.06985241651377,0.301687039984389
loss1,read,32,0.1162920000497251,0.2316080001182854,0.1669739999575539,0.3861132499296218,0.306795370015315,0.6611959500238284,99.16073334300941,0.11531600006856028,131.2415406157694,0.2191392499720679,115.51692582284471,0.3544005800085134
loss1,read,64,0.1224160001147538,0.3084289999678731,0.17595450009685,0.5852036998141555,0.3759008399164302,0.7725104797538371,151.95154201962907,0.1860129998531193,232.5880835625369,0.40924919971730556,105.5091124365619,0.39660963983740694
loss1,read,128,0.1279810001142323,0.7159790000878274,0.2023560001165606,2.403113799868154,0.6956696599349333,3.0925771601265284,459.4416354371074,0.5879979999735951,1087.5673557907444,2.2007577997515937,344.54679257045365,2.396907500191595
loss1,read,256,0.1466460000956431,1.4385624998249114,0.247296749940142,3.246606149990112,0.8728105399641201,3.637659899988212,880.9762959007918,1.2919164997292683,1212.8381795458092,2.9993094000499703,316.77543217314394,2.764849360024092
loss1,read,512,0.2035349998623132,3.2649245001375675,0.3373435000656176,5.183468499965968,0.5466696800477804,6.386871589915828,1504.109613750075,3.0613895002752542,1436.555024465483,4.84612499990035,1068.3237287565682,5.840201909868048
loss1,read,1024,0.3208849998190999,10.294007000047714,0.9349362001754342,12.528429000172764,1.1756183998659244,13.281712400168182,3108.005050361032,9.973122000228614,1240.0303676145916,11.59349279999733,1029.763909928844,12.106094000302257
loss1,remove,4,0.0570580000057816,0.1066580000333488,0.0805339999496936,0.1751683500828221,0.1513214799575508,0.3128619501134388,86.92908973770777,0.0496000000275672,117.50856804857929,0.09463435013312851,106.75316564522359,0.16154047015588802
loss1,remove,8,0.057103999890387,0.1075079999864101,0.0804497500066645,0.1738666001707314,0.1503728199517354,0.3041391998715692,88.26702191225698,0.0504040000960231,116.11826035050228,0.09341685016406691,102.25676420059662,0.15376637991983377
loss1,remove,16,0.0567619998473674,0.1067559998482465,0.0803828999632969,0.1730792998801915,0.1530972598865629,0.2996691798977542,88.07653031132202,0.049994000000879106,115.31855650793898,0.0926963999168946,95.7377814075794,0.14657192001119132
loss1,remove,32,0.0568270001094788,0.1069090003147721,0.0821839999407529,0.170016800239682,0.1462354999966919,0.3114212799444801,88.13064231581632,0.050082000205293305,106.87335778527263,0.08783280029892909,112.95874117538149,0.1651857799477882
loss1,remove,64,0.0572820000816136,0.1075800000689923,0.0814478499582037,0.1735077998600899,0.1538915001228458,0.2890151400491594,87.80768813190129,0.05029799998737871,113.02931869795,0.0920599499018862,87.80448550988812,0.1351236399263136
loss1,remove,128,0.0568919999059289,0.1085319998674094,0.0832574000349267,0.1728740497026593,0.1582182398857546,0.3099120298540219,90.76847368147965,0.0516399999614805,107.63805935585087,0.0896166496677326,95.87629724474344,0.1516937899682673
loss1,remove,256,0.057509999955073,0.1077049998566508,0.0820679502096027,0.1755639999173581,0.1567601500242024,0.3095860001631081,87.28047285826865,0.0501949999015778,113.92516746058014,0.09349604970775541,97.49024233219394,0.1528258501389057
loss1,remove,512,0.0571109999436885,0.1078840000554919,0.082482400117442,0.170231599989347,0.1616394401807334,0.288707639975473,88.90231332294238,0.0507730001118034,106.38536190382908,0.087749199871905,78.61212563756793,0.1270681997947396
loss1,remove,1024,0.0576589996926486,0.1082269996404647,0.0834950003307312,0.1819419499253853,0.1563229401130234,0.2996141800144692,87.70183356868644,0.0505679999478161,117.90759830492468,0.09844694959465408,91.66360343391989,0.14329123990144582
loss1,write,4,0.1603689999319613,0.2280860000755638,0.2584593999199569,0.363113450026139,0.4483571200259027,0.5502142099849877,42.22574199024272,0.06771700014360249,40.49148537007851,0.10465405010618206,22.717848208410395,0.10185708995908499
loss1,write,8,0.1651924999896437,0.2394860000349581,0.2579147999524138,0.3581926000304519,0.4281856799335213,0.5914046400599184,44.97389412350563,0.0742935000453144,38.880203887694584,0.1002778000780381,38.118733945455155,0.16321896012639714
loss1,write,16,0.1765679998788982,0.2609769999980926,0.2721049999818206,0.4009335998445749,0.4366741000441848,0.734433160088957,47.80537819825085,0.08440900011919439,47.345179203381555,0.1288285998627543,68.18793695679307,0.2977590600447722
loss1,write,32,0.1932349998969584,0.3134564999490976,0.3303951499750829,0.5152112999698146,0.5879076000256461,0.8909137896075837,62.21517846986659,0.12022150005213919,55.93791252948775,0.18481614999473173,51.53976399841057,0.3030061895819376
loss1,write,64,0.269490500097163,0.5007099998183548,0.6267217499553226,0.8321778000332415,0.8344185000751168,1.0541721199639142,85.79875715018791,0.23121949972119182,32.7826583475945,0.2054560500779189,26.336139463472424,0.2197536198887975
loss1,write,128,0.3516599999275058,0.8981909998692572,0.7358447000617162,1.2781376999802885,1.0344726600404832,3.209053940139711,155.41460503168344,0.5465309999417514,73.69666450992845,0.5422929999185723,210.21157582010215,2.1745812800992277
loss1,write,256,0.6094065000070259,1.513784000184387,1.012083799950778,2.3477353998459867,1.559036429945846,3.3045127600524573,148.40299540076032,0.9043775001773611,131.97045540697,1.3356515998952088,111.95866219542039,1.7454763301066114
loss1,write,512,1.1549829998984933,2.808889999985695,1.6134610001463443,4.081297400058247,2.022422800026833,4.544604360209778,143.19751894465605,1.6539070000872016,152.95296258713813,2.467836399911903,124.71089428726188,2.522181560182945
loss1,write,1024,1.6465969999553636,5.470759999938309,2.50878995002713,7.141148799937217,3.695531540079975,8.17817139985971,232.2464452496034,3.8241629999829456,184.6451453562301,4.632358849910087,121.29892036269099,4.482639859779736
netem40,read,4,0.113447000272572,0.1767180003225803,0.1630928999278693,0.2858234000392256,0.2784169200714671,0.5069587198086083,55.771417400187794,0.06327100005000831,75.2518964134159,0.12273050011135628,82.08617481957509,0.22854179973714117
netem40,read,8,0.1149510000832378,0.1843209997750818,0.1631932499120011,0.2935686001554131,0.2901615102728827,0.5097338399849822,60.347452080984155,0.06936999969184399,79.89016109043385,0.13037535024341199,75.67245204424341,0.21957232971209956
netem40,read,16,0.1149939997121691,0.2020004999358207,0.1669910999014973,0.3272929999511689,0.2778661401383593,0.6448756702523678,75.66177404162788,0.0870065002236516,95.99427762571092,0.1603019000496716,132.08141514876968,0.3670095301140085
netem40,read,32,0.116797000169754,0.2311189998872578,0.1710884001106022,0.3835149998776614,0.2832146398723105,0.6576830000616608,97.88093833861056,0.11432199971750379,124.16189503773103,0.21242659976705922,132.22069323753257,0.3744683601893503
netem40,read,64,0.1217760001309216,0.312146499985829,0.1828509999904781,0.5979082498233765,0.3660062999464574,0.7866040001390502,156.32842239048722,0.1903704998549074,226.99205902866944,0.41505724983289843,114.91542638859535,0.4205977001925928
netem40,read,128,0.1284380001015961,0.7150590000674129,0.1957237500464543,2.4874575003981594,0.6680311499629483,3.113918420104309,456.7347665813794,0.5866209999658167,1170.902228169944,2.291733750351705,366.1337155126703,2.4458872701413608
netem40,read,256,0.1454709998797625,1.4610150000080466,0.2390300999861204,3.3395690000616014,0.8747197898477296,3.931829489795484,904.3341980295954,1.315544000128284,1297.1332481790025,3.100538900075481,349.4958883324148,3.0571096999477545
netem40,read,512,0.2078249999321997,3.29231599997729,0.4182777999900294,5.181629750039428,0.9979937200807036,6.300483160000295,1484.1770725617066,3.0844910000450905,1138.8010432690771,4.763351950049398,531.3149104275727,5.302489439919591
netem40,read,1024,0.3033980000764131,10.099953000433745,0.5636516002006828,12.520691000157967,0.7228699200972912,13.76224650000222,3228.945147262011,9.796555000357332,2121.352870407907,11.957039399957285,1803.8344406625683,13.039376579904928
netem40,remove,4,0.0572619996964931,0.1086130002513527,0.082261199876666,0.1767424998106434,0.1408255600742994,0.3116640699608239,89.67727433033481,0.051351000554859604,114.85524168822359,0.09448129993397741,121.31214659923266,0.17083850988652452
netem40,remove,8,0.0575100001879036,0.1080160001292824,0.0812029999215155,0.1706294999457895,0.1535984999500215,0.2954708999954165,87.82124808965314,0.050505999941378804,110.12708903698962,0.08942650002427399,92.36574581884457,0.14187240004539498
netem40,remove,16,0.0567919998429715,0.1072049997746944,0.083427600050345,0.1756961998529733,0.1546148603036999,0.3279974001180382,88.7677843201747,0.0504129999317229,110.59721212997633,0.0922685998026283,112.13834134298236,0.1733825398143383
netem40,remove,32,0.0559140001423656,0.1073509999550879,0.0812386999605223,0.1714474002365021,0.1620525901066132,0.291034499853849,91.99306020273247,0.0514369998127223,111.04153601647546,0.0902087002759798,79.5926246303003,0.1289819097472358
netem40,remove,64,0.0567969996482133,0.107324999757111,0.0812940001487732,0.1751381502021102,0.1531190801411866,0.3128959500882772,88.96244594231342,0.0505280001088977,115.43797805692455,0.09384415005333702,104.34811246238225,0.1597768699470906
netem40,remove,128,0.0574089996516704,0.1068339999765157,0.0814672498498111,0.1783398002386092,0.1503144301939769,0.3114384398795661,86.09277399838338,0.0494250003248453,118.90980801167026,0.0968725503887981,107.19131189045711,0.1611240096855892
netem40,remove,256,0.0570589997805655,0.1075670002028346,0.0796307999640703,0.1823140000924468,0.1475782400928436,0.3237126801721749,88.51890256841185,0.050508000422269106,128.94910031634436,0.1026832001283765,119.34987161286286,0.17613444007933132
netem40,remove,512,0.0568740000016987,0.1074510002508759,0.0821345499018207,0.180628699902445,0.1581000401591883,0.3131514999456701,88.92815741404961,0.0505770002491772,119.91804924767837,0.09849415000062431,98.07173965949855,0.1550514597864818
netem40,remove,1024,0.0573459998704493,0.107891000341624,0.0805170000530779,0.1721597000025214,0.1467318003065884,0.2913426199182863,88.14041186021906,0.050545000471174696,113.81782715331097,0.0916426999494435,98.55451872705248,0.14461081961169792
netem40,write,4,0.161201000213623,0.2313500000163912,0.2571361998561768,0.3677980000153181,0.441070660026744,0.5727678000554439,43.516479246286934,0.0701489998027682,43.03625869132289,0.11066180015914129,29.858512924145657,0.13169714002869992
netem40,write,8,0.1666165001224726,0.2391274999827146,0.2508771997643634,0.3660524498904122,0.391889550038613,0.6379541799053554,43.51969931365879,0.07251099986024201,45.9090145434608,0.11517525012604879,62.789280766097896,0.24606462986674243
netem40,write,16,0.1764239999465644,0.2578499997034669,0.2673180001089347,0.3966282002627846,0.4550390300946312,0.6460867099184523,46.15358442250766,0.08142599975690248,48.37317356150905,0.12931020015384992,41.9848995775352,0.1910476798238211
netem40,write,32,0.1940965000540018,0.3159860000014305,0.3440969998715449,0.4973600500030443,0.5992609499860555,0.8504358097771214,62.79840178133889,0.1218894999474287,44.54065283589049,0.15326305013149938,41.91410433082793,0.2511748597910659
netem40,write,64,0.2557500000111758,0.4983479999937117,0.540984799992293,0.8049020003527403,0.7437162402644756,1.0351363998837753,94.85747799489141,0.2425979999825359,48.78458699102214,0.2639172003604473,39.18432109478566,0.2914201596192997
netem40,write,128,0.3386415001004934,0.8896659999154508,0.7190504999598488,1.2241484001278868,1.1968324500927645,3.0957048803381606,162.716176148357,0.5510244998149574,70.2451218928632,0.505097900168038,158.65816723955118,1.898872430245396
netem40,write,256,0.7023280002176762,1.5167959998361766,1.0368273000698534,2.2115477501647547,1.5807724400050964,3.287238100008107,115.96689856677622,0.8144679996185005,113.29952924809731,1.1747204500949013,107.95137976959599,1.7064656600030106
netem40,write,512,1.1040300000458956,2.804861000040546,1.636482000350952,4.046939950087108,2.5422690401039927,4.524930100017228,154.05659265816556,1.7008309999946505,147.29510921716346,2.4104579497361556,77.98785371009093,1.982661059913235
netem40,write,1024,1.6905594998970628,5.449836500221863,2.319429900031537,6.873503550025634,3.03643610014582,7.892748589967379,222.36880751926807,3.7592770003248006,196.34452629640484,4.5540736499940975,159.93461840307924,4.856312489821558
slowlink,read,4,0.1129400003701448,0.178460999391973,0.1640322001650929,0.2902461995836347,0.2978076003119358,0.5211972099449483,58.01398867282843,0.06552099902182819,76.94464824071837,0.12621399941854178,75.01138634441335,0.22338960963301252
slowlink,read,8,0.1154249999672174,0.1851719999685883,0.1659203500021246,0.313180800154805,0.2951715701818466,0.528779119811952,60.426250830565465,0.06974700000137089,88.75370028498295,0.14726045015268038,79.14297081056507,0.23360754963010544
slowlink,read,16,0.115353999659419,0.200140000320971,0.1644011504482477,0.3186189997941255,0.2989692499116064,0.5998626402765502,73.50070297682043,0.08478600066155201,93.80582126426448,0.1542178493458778,100.64359142417032,0.30089339036494384
slowlink,read,32,0.117561999708414,0.2305889995768666,0.1658952502999454,0.3771899498533456,0.2984910796582711,0.6462118897400796,96.14246112586599,0.1130269998684526,127.36633458243725,0.2112946995534002,116.49286487217584,0.3477208100818085
slowlink,read,64,0.1207739999517798,0.3385349996387958,0.1782333000563085,0.71004739999771,0.3414947203546763,0.9195127195119857,180.30453555728818,0.217760999687016,298.3808860484476,0.5318140999414016,169.2611817122619,0.5780179991573093
slowlink,read,128,0.1296729994937777,0.7478080000728369,0.1905654999427497,2.4635265998542333,0.45797919947654,3.250704920142893,476.68751628493027,0.6181350005790591,1192.7453293457281,2.2729610999114835,609.7931355525265,2.7927257206663527
slowlink,read,256,0.1433699997141957,1.5186719996854663,0.2284732003696262,3.4998115997761485,0.8902408192679286,4.106359040178357,959.267631103368,1.3753019999712706,1431.8258745945338,3.271338399406522,361.26384583838086,3.2161182209104284
slowlink,read,512,0.2057834998704493,3.4424529997631907,0.4153519994579255,5.516624000016597,1.010390499699861,6.840363760106266,1572.8518087846605,3.2366694998927414,1228.1804366456222,5.101272000558671,577.0019870671996,5.829973260406405
slowlink,read,1024,0.3081009997986257,10.34808550029993,0.93081515035592,12.802898000506683,1.2419913202617323,13.776377040660014,3258.6666408299293,10.039984500501305,1275.450109037351,11.872082850150763,1009.2168532833897,12.534385720398282
slowlink,remove,4,0.0571499997749924,0.106882999651134,0.078163499943912,0.1789384003728628,0.1430578002706171,0.3178591597825297,87.02187239185902,0.049732999876141604,128.9283367572641,0.10077490042895079,122.18932430195866,0.1748013595119126
slowlink,remove,8,0.0571520002558827,0.1072889994829893,0.0807767998427152,0.1772501998580992,0.1596504801511762,0.3181816394999628,87.72571214066294,0.0501369992271066,119.43206490382448,0.096473400015384,99.29889293077623,0.15853115934878662
slowlink,remove,16,0.0555979991331696,0.1074010003358125,0.0770646994467824,0.173403799533844,0.1436207604315132,0.3141255300212638,93.1742185156037,0.0518030012026429,125.0106738605907,0.09633910008706159,118.71874865267635,0.1705047695897506
slowlink,remove,32,0.0577079998329281,0.1070800004526972,0.0795029997825622,0.1729409999679774,0.1460126001015309,0.2987437497824435,85.554863732424,0.049372000619769096,117.52764102104918,0.0934380001854152,104.60134918131034,0.15273114968091261
slowlink,remove,64,0.0576550001278519,0.1085600000806152,0.0796216497663408,0.1734089500270783,0.1454541605617852,0.3021447503380494,88.29242882643265,0.0509049999527633,117.7912044474932,0.09378730026073749,107.72506552654164,0.15669058977626418
slowlink,remove,128,0.0568470004945993,0.1063890000805258,0.0799840001389383,0.1686620006803423,0.1476110796630382,0.2865694505162532,87.14971617655219,0.049541999585926505,110.86967441908824,0.08867800054140398,94.13817117957856,0.138958370853215
slowlink,remove,256,0.0570179997012019,0.10748599935323,0.0815919995307921,0.1715394004248082,0.1440559202060103,0.3217313005030137,88.51239944666854,0.0504679996520281,110.2404664811171,0.0899474008940161,123.33778441241073,0.1776753802970034
slowlink,remove,512,0.0578230004757642,0.1071380004286766,0.080678999889642,0.1722737505566328,0.1496787997893985,0.3019559500366447,85.28613103289612,0.04931499995291241,113.52985385574942,0.0915947506669908,101.73595089050933,0.15227715024724622
slowlink,remove,1024,0.0570769999176263,0.1078900005668401,0.0826919497922062,0.1759959997143596,0.1577227399311963,0.3138117503840476,89.02535298377154,0.050813000649213805,112.83329291014905,0.09330404992215341,98.96417632672522,0.15608901045285134
slowlink,write,4,0.161262999754399,0.2273200000636279,0.2538918495178222,0.3594767996110022,0.4482843296322971,0.5321559097338465,40.9622792642036,0.0660570003092289,41.58658511240173,0.10558495009318003,18.709460616288922,0.08387158010154944
slowlink,write,8,0.1639160001650452,0.2368900002911687,0.2505609996151179,0.3674666995182631,0.4040480997879051,0.6369179800059661,44.51914398389832,0.07297400012612348,46.657580422620384,0.1169056999031452,57.63419759684556,0.232869880218061
slowlink,write,16,0.1748334998264908,0.2620204999111593,0.2674370499327778,0.4135528997983782,0.4410554996039717,0.6773732002172621,49.86858935569846,0.08718700008466848,54.63560486564136,0.14611584986560044,53.58003716663379,0.23631770061329038
slowlink,write,32,0.1913959998637437,0.3116049999371171,0.3220094001851974,0.485211499966681,0.5317406996712088,0.8004547004587949,62.80643281936463,0.1202090000733734,50.68240234217421,0.1632020997814836,50.534781511691676,0.268714000787586
slowlink,write,64,0.2412875005975365,0.4820544999092817,0.5040412495844065,0.7883090493269265,0.6719699397496889,1.0555342399235812,99.78428170356842,0.24076699931174517,56.39772537999721,0.2842677997425199,57.08057421687216,0.3835643001738923
slowlink,write,128,0.3324865004979074,0.8755930000916123,0.708200250333175,1.2173996997065848,0.9798880699835676,3.0969246600195763,163.3469325161739,0.5431064995937049,71.90048988740901,0.5091994493734098,216.04881770542534,2.1170365900360086
slowlink,write,256,0.6811604998074472,1.4968525003641844,1.0135358501691372,2.233479450270531,1.3197466801200075,3.265252730231732,119.75033795813465,0.8156920005567372,120.36511583658454,1.219943600101394,147.41511226493975,1.9455060501117243
slowlink,write,512,1.0681959995999932,2.776388499885797,1.4792832997627556,4.0103599997237325,2.1185951801575733,4.448457100056111,159.91377059317483,1.7081925002858038,171.10155305389478,2.531076699960977,109.97202021979733,2.329861919898538
slowlink,write,1024,1.6696530003100634,5.874673000536859,2.381489300355315,7.380019849957899,3.8460191393643615,8.398471050234518,251.84993525276815,4.205020000226796,209.8909513831034,4.998530549602584,118.36789537200659,4.552451910870156
